Operation,Average Time (sec),Run Times (sec)
Insert,0.0013144810994466145,"[0.003480195999145508, 0.00027441978454589844, 0.0001888275146484375]"
Read,0.000156402587890625,"[0.0001804828643798828, 0.00015091896057128906, 0.00013780593872070312]"
Update,0.00030358632405598957,"[0.0005578994750976562, 0.00019741058349609375, 0.00015544891357421875]"
Delete,0.00021251042683919272,"[0.0003571510314941406, 0.000156402587890625, 0.0001239776611328125]"
