Operation,Average Time (sec),Run Times (sec)
Insert,0.0017874333231399457,"[0.0037327000172808766, 0.0008335999445989728, 0.0007960000075399876]"
Read,0.000421933364123106,"[0.0008410000009462237, 0.00026290002278983593, 0.00016190006863325834]"
Update,0.0010417666829501588,"[0.0013604999985545874, 0.0009084000485017896, 0.0008564000017940998]"
Delete,0.0006030666797111431,"[0.0006469000363722444, 0.000556300044991076, 0.0006059999577701092]"
